1,Nguyễn Văn Văn 001
2,Nguyễn Văn Văn 002
3,Nguyễn Văn Văn 003
4,Nguyễn Văn Văn 004
5,Nguyễn Văn Văn 005
6,Nguyễn Văn Văn 006
7,Nguyễn Văn Văn 007
8,Nguyễn Văn Văn 008
9,Nguyễn Văn Văn 009
10,Nguyễn Văn Văn 010
11,Nguyễn Văn Văn 011
12,Nguyễn Văn Văn 012
13,Nguyễn Văn Văn 013
14,Nguyễn Văn Văn 014
15,Nguyễn Văn Văn 015
16,Nguyễn Văn Văn 016
17,Nguyễn Văn Văn 017
18,Nguyễn Văn Văn 018
19,Nguyễn Văn Văn 019
20,Nguyễn Văn Văn 020
21,Nguyễn Văn Văn 021
22,Nguyễn Văn Văn 022
23,Nguyễn Văn Văn 023
24,Nguyễn Văn Văn 024
25,Nguyễn Văn Văn 025
26,Nguyễn Văn Văn 026
27,Nguyễn Văn Văn 027
28,Nguyễn Văn Văn 028
29,Nguyễn Văn Văn 029
30,Nguyễn Văn Văn 030
31,Nguyễn Văn Văn 031
32,Nguyễn Văn Văn 032
33,Nguyễn Văn Văn 033
34,Nguyễn Văn Văn 034
35,Nguyễn Văn Văn 035
36,Nguyễn Văn Văn 036
37,Nguyễn Văn Văn 037
38,Nguyễn Văn Văn 038
39,Nguyễn Văn Văn 039
40,Nguyễn Văn Văn 040
41,Nguyễn Văn Văn 041
42,Nguyễn Văn Văn 042
43,Nguyễn Văn Văn 043
44,Nguyễn Văn Văn 044
45,Nguyễn Văn Văn 045
46,Nguyễn Văn Văn 046
47,Nguyễn Văn Văn 047
48,Nguyễn Văn Văn 048
49,Nguyễn Văn Văn 049
50,Nguyễn Văn Văn 050
51,Nguyễn Văn Văn 051
52,Nguyễn Văn Văn 052
53,Nguyễn Văn Văn 053
54,Nguyễn Văn Văn 054
55,Nguyễn Văn Văn 055
56,Nguyễn Văn Văn 056
57,Nguyễn Văn Văn 057
58,Nguyễn Văn Văn 058
59,Nguyễn Văn Văn 059
60,Nguyễn Văn Văn 060
61,Nguyễn Văn Văn 061
62,Nguyễn Văn Văn 062
63,Nguyễn Văn Văn 063
64,Nguyễn Văn Văn 064
65,Nguyễn Văn Văn 065
66,Nguyễn Văn Văn 066
67,Nguyễn Văn Văn 067
68,Nguyễn Văn Văn 068
69,Nguyễn Văn Văn 069
70,Nguyễn Văn Văn 070
71,Nguyễn Văn Văn 071
72,Nguyễn Văn Văn 072
73,Nguyễn Văn Văn 073
74,Nguyễn Văn Văn 074
75,Nguyễn Văn Văn 075
76,Nguyễn Văn Văn 076
77,Nguyễn Văn Văn 077
78,Nguyễn Văn Văn 078
79,Nguyễn Văn Văn 079
80,Nguyễn Văn Văn 080
81,Nguyễn Văn Văn 081
82,Nguyễn Văn Văn 082
83,Nguyễn Văn Văn 083
84,Nguyễn Văn Văn 084
85,Nguyễn Văn Văn 085
86,Nguyễn Văn Văn 086
87,Nguyễn Văn Văn 087
88,Nguyễn Văn Văn 088
89,Nguyễn Văn Văn 089
90,Nguyễn Văn Văn 090
91,Nguyễn Văn Văn 091
92,Nguyễn Văn Văn 092
93,Nguyễn Văn Văn 093
94,Nguyễn Văn Văn 094
95,Nguyễn Văn Văn 095
96,Nguyễn Văn Văn 096
97,Nguyễn Văn Văn 097
98,Nguyễn Văn Văn 098
99,Nguyễn Văn Văn 099
100,Nguyễn Văn Văn 100
101,Nguyễn Văn Văn 101
102,Nguyễn Văn Văn 102
103,Nguyễn Văn Văn 103
104,Nguyễn Văn Văn 104
105,Nguyễn Văn Văn 105
106,Nguyễn Văn Văn 106
107,Nguyễn Văn Văn 107
108,Nguyễn Văn Văn 108
109,Nguyễn Văn Văn 109
110,Nguyễn Văn Văn 110
111,Nguyễn Văn Văn 111
112,Nguyễn Văn Văn 112
113,Nguyễn Văn Văn 113
114,Nguyễn Văn Văn 114
115,Nguyễn Văn Văn 115
116,Nguyễn Văn Văn 116
117,Nguyễn Văn Văn 117
118,Nguyễn Văn Văn 118
119,Nguyễn Văn Văn 119
120,Nguyễn Văn Văn 120
121,Nguyễn Văn Văn 121
122,Nguyễn Văn Văn 122
123,Nguyễn Văn Văn 123
124,Nguyễn Văn Văn 124
125,Nguyễn Văn Văn 125
126,Nguyễn Văn Văn 126
127,Nguyễn Văn Văn 127
128,Nguyễn Văn Văn 128
129,Nguyễn Văn Văn 129
130,Nguyễn Văn Văn 130
131,Nguyễn Văn Văn 131
132,Nguyễn Văn Văn 132
133,Nguyễn Văn Văn 133
134,Nguyễn Văn Văn 134
135,Nguyễn Văn Văn 135
136,Nguyễn Văn Văn 136
137,Nguyễn Văn Văn 137
138,Nguyễn Văn Văn 138
139,Nguyễn Văn Văn 139
140,Nguyễn Văn Văn 140
141,Nguyễn Văn Văn 141
142,Nguyễn Văn Văn 142
143,Nguyễn Văn Văn 143
144,Nguyễn Văn Văn 144
145,Nguyễn Văn Văn 145
146,Nguyễn Văn Văn 146
147,Nguyễn Văn Văn 147
148,Nguyễn Văn Văn 148
149,Nguyễn Văn Văn 149
150,Nguyễn Văn Văn 150
151,Nguyễn Văn Văn 151
152,Nguyễn Văn Văn 152
153,Nguyễn Văn Văn 153
154,Nguyễn Văn Văn 154
155,Nguyễn Văn Văn 155
156,Nguyễn Văn Văn 156
157,Nguyễn Văn Văn 157
158,Nguyễn Văn Văn 158
159,Nguyễn Văn Văn 159
160,Nguyễn Văn Văn 160
161,Nguyễn Văn Văn 161
162,Nguyễn Văn Văn 162
163,Nguyễn Văn Văn 163
164,Nguyễn Văn Văn 164
165,Nguyễn Văn Văn 165
166,Nguyễn Văn Văn 166
167,Nguyễn Văn Văn 167
168,Nguyễn Văn Văn 168
169,Nguyễn Văn Văn 169
170,Nguyễn Văn Văn 170
171,Nguyễn Văn Văn 171
172,Nguyễn Văn Văn 172
173,Nguyễn Văn Văn 173
174,Nguyễn Văn Văn 174
175,Nguyễn Văn Văn 175
176,Nguyễn Văn Văn 176
177,Nguyễn Văn Văn 177
178,Nguyễn Văn Văn 178
179,Nguyễn Văn Văn 179
180,Nguyễn Văn Văn 180
181,Nguyễn Văn Văn 181
182,Nguyễn Văn Văn 182
183,Nguyễn Văn Văn 183
184,Nguyễn Văn Văn 184
185,Nguyễn Văn Văn 185
186,Nguyễn Văn Văn 186
187,Nguyễn Văn Văn 187
188,Nguyễn Văn Văn 188
189,Nguyễn Văn Văn 189
190,Nguyễn Văn Văn 190
191,Nguyễn Văn Văn 191
192,Nguyễn Văn Văn 192
193,Nguyễn Văn Văn 193
194,Nguyễn Văn Văn 194
195,Nguyễn Văn Văn 195
196,Nguyễn Văn Văn 196
197,Nguyễn Văn Văn 197
198,Nguyễn Văn Văn 198
199,Nguyễn Văn Văn 199
200,Nguyễn Văn Văn 200
201,Nguyễn Văn Văn 201
202,Nguyễn Văn Văn 202
203,Nguyễn Văn Văn 203
204,Nguyễn Văn Văn 204
205,Nguyễn Văn Văn 205
206,Nguyễn Văn Văn 206
207,Nguyễn Văn Văn 207
208,Nguyễn Văn Văn 208
209,Nguyễn Văn Văn 209
210,Nguyễn Văn Văn 210
211,Nguyễn Văn Văn 211
212,Nguyễn Văn Văn 212
213,Nguyễn Văn Văn 213
214,Nguyễn Văn Văn 214
215,Nguyễn Văn Văn 215
216,Nguyễn Văn Văn 216
217,Nguyễn Văn Văn 217
218,Nguyễn Văn Văn 218
219,Nguyễn Văn Văn 219
220,Nguyễn Văn Văn 220
221,Nguyễn Văn Văn 221
222,Nguyễn Văn Văn 222
223,Nguyễn Văn Văn 223
224,Nguyễn Văn Văn 224
225,Nguyễn Văn Văn 225
226,Nguyễn Văn Văn 226
227,Nguyễn Văn Văn 227
228,Nguyễn Văn Văn 228
229,Nguyễn Văn Văn 229
230,Nguyễn Văn Văn 230
231,Nguyễn Văn Văn 231
232,Nguyễn Văn Văn 232
233,Nguyễn Văn Văn 233
234,Nguyễn Văn Văn 234
235,Nguyễn Văn Văn 235
236,Nguyễn Văn Văn 236
237,Nguyễn Văn Văn 237
238,Nguyễn Văn Văn 238
239,Nguyễn Văn Văn 239
240,Nguyễn Văn Văn 240
241,Nguyễn Văn Văn 241
242,Nguyễn Văn Văn 242
243,Nguyễn Văn Văn 243
244,Nguyễn Văn Văn 244
245,Nguyễn Văn Văn 245
246,Nguyễn Văn Văn 246
247,Nguyễn Văn Văn 247
248,Nguyễn Văn Văn 248
249,Nguyễn Văn Văn 249
250,Nguyễn Văn Văn 250
251,Nguyễn Văn Văn 251
252,Nguyễn Văn Văn 252
253,Nguyễn Văn Văn 253
254,Nguyễn Văn Văn 254
255,Nguyễn Văn Văn 255
256,Nguyễn Văn Văn 256
257,Nguyễn Văn Văn 257
258,Nguyễn Văn Văn 258
259,Nguyễn Văn Văn 259
260,Nguyễn Văn Văn 260
261,Nguyễn Văn Văn 261
262,Nguyễn Văn Văn 262
263,Nguyễn Văn Văn 263
264,Nguyễn Văn Văn 264
265,Nguyễn Văn Văn 265
266,Nguyễn Văn Văn 266
267,Nguyễn Văn Văn 267
268,Nguyễn Văn Văn 268
269,Nguyễn Văn Văn 269
270,Nguyễn Văn Văn 270
271,Nguyễn Văn Văn 271
272,Nguyễn Văn Văn 272
273,Nguyễn Văn Văn 273
274,Nguyễn Văn Văn 274
275,Nguyễn Văn Văn 275
276,Nguyễn Văn Văn 276
277,Nguyễn Văn Văn 277
278,Nguyễn Văn Văn 278
279,Nguyễn Văn Văn 279
280,Nguyễn Văn Văn 280
281,Nguyễn Văn Văn 281
282,Nguyễn Văn Văn 282
283,Nguyễn Văn Văn 283
284,Nguyễn Văn Văn 284
285,Nguyễn Văn Văn 285
286,Nguyễn Văn Văn 286
287,Nguyễn Văn Văn 287
288,Nguyễn Văn Văn 288
289,Nguyễn Văn Văn 289
290,Nguyễn Văn Văn 290
291,Nguyễn Văn Văn 291
292,Nguyễn Văn Văn 292
293,Nguyễn Văn Văn 293
294,Nguyễn Văn Văn 294
295,Nguyễn Văn Văn 295
296,Nguyễn Văn Văn 296
297,Nguyễn Văn Văn 297
298,Nguyễn Văn Văn 298
299,Nguyễn Văn Văn 299
300,Nguyễn Văn Văn 300
301,Nguyễn Văn Văn 301
302,Nguyễn Văn Văn 302
303,Nguyễn Văn Văn 303
304,Nguyễn Văn Văn 304
305,Nguyễn Văn Văn 305
306,Nguyễn Văn Văn 306
307,Nguyễn Văn Văn 307
308,Nguyễn Văn Văn 308
309,Nguyễn Văn Văn 309
310,Nguyễn Văn Văn 310
311,Nguyễn Văn Văn 311
312,Nguyễn Văn Văn 312
313,Nguyễn Văn Văn 313
314,Nguyễn Văn Văn 314
315,Nguyễn Văn Văn 315
316,Nguyễn Văn Văn 316
317,Nguyễn Văn Văn 317
318,Nguyễn Văn Văn 318
319,Nguyễn Văn Văn 319
320,Nguyễn Văn Văn 320
321,Nguyễn Văn Văn 321
322,Nguyễn Văn Văn 322
323,Nguyễn Văn Văn 323
324,Nguyễn Văn Văn 324
325,Nguyễn Văn Văn 325
326,Nguyễn Văn Văn 326
327,Nguyễn Văn Văn 327
328,Nguyễn Văn Văn 328
329,Nguyễn Văn Văn 329
330,Nguyễn Văn Văn 330
331,Nguyễn Văn Văn 331
332,Nguyễn Văn Văn 332
333,Nguyễn Văn Văn 333
334,Nguyễn Văn Văn 334
335,Nguyễn Văn Văn 335
336,Nguyễn Văn Văn 336
337,Nguyễn Văn Văn 337
338,Nguyễn Văn Văn 338
339,Nguyễn Văn Văn 339
340,Nguyễn Văn Văn 340
341,Nguyễn Văn Văn 341
342,Nguyễn Văn Văn 342
343,Nguyễn Văn Văn 343
344,Nguyễn Văn Văn 344
345,Nguyễn Văn Văn 345
346,Nguyễn Văn Văn 346
347,Nguyễn Văn Văn 347
348,Nguyễn Văn Văn 348
349,Nguyễn Văn Văn 349
350,Nguyễn Văn Văn 350
351,Nguyễn Văn Văn 351
352,Nguyễn Văn Văn 352
353,Nguyễn Văn Văn 353
354,Nguyễn Văn Văn 354
355,Nguyễn Văn Văn 355
356,Nguyễn Văn Văn 356
357,Nguyễn Văn Văn 357
358,Nguyễn Văn Văn 358
359,Nguyễn Văn Văn 359
360,Nguyễn Văn Văn 360
361,Nguyễn Văn Văn 361
362,Nguyễn Văn Văn 362
363,Nguyễn Văn Văn 363
364,Nguyễn Văn Văn 364
365,Nguyễn Văn Văn 365
366,Nguyễn Văn Văn 366
367,Nguyễn Văn Văn 367
368,Nguyễn Văn Văn 368
369,Nguyễn Văn Văn 369
370,Nguyễn Văn Văn 370
371,Nguyễn Văn Văn 371
372,Nguyễn Văn Văn 372
373,Nguyễn Văn Văn 373
374,Nguyễn Văn Văn 374
375,Nguyễn Văn Văn 375
376,Nguyễn Văn Văn 376
377,Nguyễn Văn Văn 377
378,Nguyễn Văn Văn 378
379,Nguyễn Văn Văn 379
380,Nguyễn Văn Văn 380
381,Nguyễn Văn Văn 381
382,Nguyễn Văn Văn 382
383,Nguyễn Văn Văn 383
384,Nguyễn Văn Văn 384
385,Nguyễn Văn Văn 385
386,Nguyễn Văn Văn 386
387,Nguyễn Văn Văn 387
388,Nguyễn Văn Văn 388
389,Nguyễn Văn Văn 389
390,Nguyễn Văn Văn 390
391,Nguyễn Văn Văn 391
392,Nguyễn Văn Văn 392
393,Nguyễn Văn Văn 393
394,Nguyễn Văn Văn 394
395,Nguyễn Văn Văn 395
396,Nguyễn Văn Văn 396
397,Nguyễn Văn Văn 397
398,Nguyễn Văn Văn 398
399,Nguyễn Văn Văn 399
400,Nguyễn Văn Văn 400
401,Nguyễn Văn Văn 401
402,Nguyễn Văn Văn 402
403,Nguyễn Văn Văn 403
404,Nguyễn Văn Văn 404
405,Nguyễn Văn Văn 405
406,Nguyễn Văn Văn 406
407,Nguyễn Văn Văn 407
408,Nguyễn Văn Văn 408
409,Nguyễn Văn Văn 409
410,Nguyễn Văn Văn 410
411,Nguyễn Văn Văn 411
412,Nguyễn Văn Văn 412
413,Nguyễn Văn Văn 413
414,Nguyễn Văn Văn 414
415,Nguyễn Văn Văn 415
416,Nguyễn Văn Văn 416
417,Nguyễn Văn Văn 417
418,Nguyễn Văn Văn 418
419,Nguyễn Văn Văn 419
420,Nguyễn Văn Văn 420
421,Nguyễn Văn Văn 421
422,Nguyễn Văn Văn 422
423,Nguyễn Văn Văn 423
424,Nguyễn Văn Văn 424
425,Nguyễn Văn Văn 425
426,Nguyễn Văn Văn 426
427,Nguyễn Văn Văn 427
428,Nguyễn Văn Văn 428
429,Nguyễn Văn Văn 429
430,Nguyễn Văn Văn 430
431,Nguyễn Văn Văn 431
432,Nguyễn Văn Văn 432
433,Nguyễn Văn Văn 433
434,Nguyễn Văn Văn 434
435,Nguyễn Văn Văn 435
436,Nguyễn Văn Văn 436
437,Nguyễn Văn Văn 437
438,Nguyễn Văn Văn 438
439,Nguyễn Văn Văn 439
440,Nguyễn Văn Văn 440
441,Nguyễn Văn Văn 441
442,Nguyễn Văn Văn 442
443,Nguyễn Văn Văn 443
444,Nguyễn Văn Văn 444
445,Nguyễn Văn Văn 445
446,Nguyễn Văn Văn 446
447,Nguyễn Văn Văn 447
448,Nguyễn Văn Văn 448
449,Nguyễn Văn Văn 449
